/* 这个文件是做第一部分必须要执行的 */

REM INSERTING into M_FAN_CLUB
Insert into M_FAN_CLUB (ID,NAME,MEMBER_NUMBER_PREFIX,DELETE_FLAG,INSERT_USER_ID,INSERT_DATE_TIME,UPDATE_USER_ID,UPDATE_DATE_TIME,VERSION_NO) values (1,'SAS暝','S','0','admin',to_timestamp('20-10-03 09:00:00.000000000','RR-MM-DD HH24:MI:SS.FF'),'admin',to_timestamp('20-10-03 09:00:00.000000000','RR-MM-DD HH24:MI:SS.FF'),0);
Insert into M_FAN_CLUB (ID,NAME,MEMBER_NUMBER_PREFIX,DELETE_FLAG,INSERT_USER_ID,INSERT_DATE_TIME,UPDATE_USER_ID,UPDATE_DATE_TIME,VERSION_NO) values (2,'P.T.A','P','0','admin',to_timestamp('20-10-03 09:00:00.000000000','RR-MM-DD HH24:MI:SS.FF'),'admin',to_timestamp('20-10-03 09:00:00.000000000','RR-MM-DD HH24:MI:SS.FF'),0);
Insert into M_FAN_CLUB (ID,NAME,MEMBER_NUMBER_PREFIX,DELETE_FLAG,INSERT_USER_ID,INSERT_DATE_TIME,UPDATE_USER_ID,UPDATE_DATE_TIME,VERSION_NO) values (3,'BROS','B','0','admin',to_timestamp('20-10-03 09:00:00.000000000','RR-MM-DD HH24:MI:SS.FF'),'admin',to_timestamp('20-10-03 09:00:00.000000000','RR-MM-DD HH24:MI:SS.FF'),0);

Insert into M_MEMBER (ID,MEMBER_NUMBER,PASSWORD,NAME,NAME_RUBY,ZIP_CODE,ADDRESS_0,ADDRESS_1,ADDRESS_2,ADDRESS_1_RUBY,ADDRESS_2_RUBY,PHONE_NUMBER,FAX_NUMBER,MOBILE_NUMBER,CONTACT_NUMBER,SEX,BIRTHDAY,JOB,BLOOD_TYPE,MARRIAGE,JOIN_DATE,PAYMENT_DATE,PC_MAIL,MOBILE_MAIL,NICKNAME,STATUS,ENTRY_ROUTE,BLACK_FLAG,DELETE_FLAG,INSERT_USER_ID,INSERT_DATE_TIME,UPDATE_USER_ID,UPDATE_DATE_TIME,VERSION_NO) values (5,'P123456','93084a9f411ef0e6a76c63dc284f2af320b4754a','あいば`そん11','アイバ`ソン','234-4567','福uh','アメリカ','フィラデルフィア','住所1','住所2','045-1234-5678',null,'080-2345-1234','090-1983-8736','2','20101231','1','2','2','20100310','20110309','pc@mail.com','mail@mail.com','THE ANSWER','2','3','0',0,'aa',to_timestamp('10-03-10 17:48:14.467000000','RR-MM-DD HH24:MI:SS.FF'),'aa',to_timestamp('10-03-12 22:06:09.866000000','RR-MM-DD HH24:MI:SS.FF'),14);
Insert into M_MEMBER (ID,MEMBER_NUMBER,PASSWORD,NAME,NAME_RUBY,ZIP_CODE,ADDRESS_0,ADDRESS_1,ADDRESS_2,ADDRESS_1_RUBY,ADDRESS_2_RUBY,PHONE_NUMBER,FAX_NUMBER,MOBILE_NUMBER,CONTACT_NUMBER,SEX,BIRTHDAY,JOB,BLOOD_TYPE,MARRIAGE,JOIN_DATE,PAYMENT_DATE,PC_MAIL,MOBILE_MAIL,NICKNAME,STATUS,ENTRY_ROUTE,BLACK_FLAG,DELETE_FLAG,INSERT_USER_ID,INSERT_DATE_TIME,UPDATE_USER_ID,UPDATE_DATE_TIME,VERSION_NO) values (6,'S123456','kuwapass','桑田1','クワタ','213-4567','秋田h','湘南1','湘南2','湘南※1','湘南※2','333-333-333',null,'080-080-080','0120-0120','2','20100100','1','1','2','20100311','20110312','pc@mail.com','mobile@mail.com','くわた1','4','3','0',0,'aa',to_timestamp('10-03-11 16:09:23.537000000','RR-MM-DD HH24:MI:SS.FF'),'aa',to_timestamp('10-03-11 16:09:47.168000000','RR-MM-DD HH24:MI:SS.FF'),1);
Insert into M_MEMBER (ID,MEMBER_NUMBER,PASSWORD,NAME,NAME_RUBY,ZIP_CODE,ADDRESS_0,ADDRESS_1,ADDRESS_2,ADDRESS_1_RUBY,ADDRESS_2_RUBY,PHONE_NUMBER,FAX_NUMBER,MOBILE_NUMBER,CONTACT_NUMBER,SEX,BIRTHDAY,JOB,BLOOD_TYPE,MARRIAGE,JOIN_DATE,PAYMENT_DATE,PC_MAIL,MOBILE_MAIL,NICKNAME,STATUS,ENTRY_ROUTE,BLACK_FLAG,DELETE_FLAG,INSERT_USER_ID,INSERT_DATE_TIME,UPDATE_USER_ID,UPDATE_DATE_TIME,VERSION_NO) values (7,'S123457','kuwapass','桑田2','クワタ','213-4567','秋田h','湘南1','湘南2','湘南※1','湘南※2','333-333-333',null,'080-080-080','0120-0120','2','20100100','1','1','2','20100311','20110312','pc@mail.com','mobile@mail.com','くわた1','4','3','0',0,'aa',to_timestamp('10-03-11 16:09:23.537000000','RR-MM-DD HH24:MI:SS.FF'),'aa',to_timestamp('10-03-11 16:09:47.168000000','RR-MM-DD HH24:MI:SS.FF'),1);
Insert into M_MEMBER (ID,MEMBER_NUMBER,PASSWORD,NAME,NAME_RUBY,ZIP_CODE,ADDRESS_0,ADDRESS_1,ADDRESS_2,ADDRESS_1_RUBY,ADDRESS_2_RUBY,PHONE_NUMBER,FAX_NUMBER,MOBILE_NUMBER,CONTACT_NUMBER,SEX,BIRTHDAY,JOB,BLOOD_TYPE,MARRIAGE,JOIN_DATE,PAYMENT_DATE,PC_MAIL,MOBILE_MAIL,NICKNAME,STATUS,ENTRY_ROUTE,BLACK_FLAG,DELETE_FLAG,INSERT_USER_ID,INSERT_DATE_TIME,UPDATE_USER_ID,UPDATE_DATE_TIME,VERSION_NO) values (8,'P123457','kuwapass','桑田3','クワタ','213-4567','秋田h','湘南1','湘南2','湘南※1','湘南※2','333-333-333',null,'080-080-080','0120-0120','2','20100100','1','1','2','20100311','20110312','pc@mail.com','mobile@mail.com','くわた1','4','3','0',0,'aa',to_timestamp('10-03-11 16:09:23.537000000','RR-MM-DD HH24:MI:SS.FF'),'aa',to_timestamp('10-03-11 16:09:47.168000000','RR-MM-DD HH24:MI:SS.FF'),1);
Insert into M_MEMBER (ID,MEMBER_NUMBER,PASSWORD,NAME,NAME_RUBY,ZIP_CODE,ADDRESS_0,ADDRESS_1,ADDRESS_2,ADDRESS_1_RUBY,ADDRESS_2_RUBY,PHONE_NUMBER,FAX_NUMBER,MOBILE_NUMBER,CONTACT_NUMBER,SEX,BIRTHDAY,JOB,BLOOD_TYPE,MARRIAGE,JOIN_DATE,PAYMENT_DATE,PC_MAIL,MOBILE_MAIL,NICKNAME,STATUS,ENTRY_ROUTE,BLACK_FLAG,DELETE_FLAG,INSERT_USER_ID,INSERT_DATE_TIME,UPDATE_USER_ID,UPDATE_DATE_TIME,VERSION_NO) values (9,'P123458','93084a9f411ef0e6a76c63dc284f2af320b4754a','2','アイバ`ソン','234-4567','福uh','アメリカ','フィラデルフィア','住所1','住所2','045-1234-5678',null,'080-2345-1234','090-1983-8736','2','20101231','1','2','2','20100310','20110309','pc@mail.com','mail@mail.com','THE ANSWER','2','3','0',0,'aa',to_timestamp('10-03-10 17:48:14.467000000','RR-MM-DD HH24:MI:SS.FF'),'aa',to_timestamp('10-03-12 22:06:09.866000000','RR-MM-DD HH24:MI:SS.FF'),14);
Insert into M_MEMBER (ID,MEMBER_NUMBER,PASSWORD,NAME,NAME_RUBY,ZIP_CODE,ADDRESS_0,ADDRESS_1,ADDRESS_2,ADDRESS_1_RUBY,ADDRESS_2_RUBY,PHONE_NUMBER,FAX_NUMBER,MOBILE_NUMBER,CONTACT_NUMBER,SEX,BIRTHDAY,JOB,BLOOD_TYPE,MARRIAGE,JOIN_DATE,PAYMENT_DATE,PC_MAIL,MOBILE_MAIL,NICKNAME,STATUS,ENTRY_ROUTE,BLACK_FLAG,DELETE_FLAG,INSERT_USER_ID,INSERT_DATE_TIME,UPDATE_USER_ID,UPDATE_DATE_TIME,VERSION_NO) values (10,'S123459','kuwapass','桑田4','クワタ','213-4567','秋田h','湘南1','湘南2','湘南※1','湘南※2','333-333-333',null,'080-080-080','0120-0120','2','20100100','1','1','2','20100311','20110312','pc@mail.com','mobile@mail.com','くわた1','4','3','0',0,'aa',to_timestamp('10-03-11 16:09:23.537000000','RR-MM-DD HH24:MI:SS.FF'),'aa',to_timestamp('10-03-11 16:09:47.168000000','RR-MM-DD HH24:MI:SS.FF'),1);
Insert into M_MEMBER (ID,MEMBER_NUMBER,PASSWORD,NAME,NAME_RUBY,ZIP_CODE,ADDRESS_0,ADDRESS_1,ADDRESS_2,ADDRESS_1_RUBY,ADDRESS_2_RUBY,PHONE_NUMBER,FAX_NUMBER,MOBILE_NUMBER,CONTACT_NUMBER,SEX,BIRTHDAY,JOB,BLOOD_TYPE,MARRIAGE,JOIN_DATE,PAYMENT_DATE,PC_MAIL,MOBILE_MAIL,NICKNAME,STATUS,ENTRY_ROUTE,BLACK_FLAG,DELETE_FLAG,INSERT_USER_ID,INSERT_DATE_TIME,UPDATE_USER_ID,UPDATE_DATE_TIME,VERSION_NO) values (11,'S123455','kuwapass','桑田5','クワタ','213-4567','秋田h','湘南1','湘南2','湘南※1','湘南※2','333-333-333',null,'080-080-080','0120-0120','2','20100100','1','1','2','20100311','20110312','pc@mail.com','mobile@mail.com','くわた1','4','3','0',0,'aa',to_timestamp('10-03-11 16:09:23.537000000','RR-MM-DD HH24:MI:SS.FF'),'aa',to_timestamp('10-03-11 16:09:47.168000000','RR-MM-DD HH24:MI:SS.FF'),1);

REM INSERTING into M_FAN_CLUB_MEMBER
Insert into M_FAN_CLUB_MEMBER (ID,MEMBER_ID,FAN_CLUB_ID,MEMBER_NUMBER,DELETE_FLAG,INSERT_USER_ID,INSERT_DATE_TIME,UPDATE_USER_ID,UPDATE_DATE_TIME,VERSION_NO) values (1,6,1,'S123456','0','12345',to_timestamp('10-03-15 00:00:00.000000000','RR-MM-DD HH24:MI:SS.FF'),'12345',to_timestamp('10-03-15 00:00:00.000000000','RR-MM-DD HH24:MI:SS.FF'),0);
Insert into M_FAN_CLUB_MEMBER (ID,MEMBER_ID,FAN_CLUB_ID,MEMBER_NUMBER,DELETE_FLAG,INSERT_USER_ID,INSERT_DATE_TIME,UPDATE_USER_ID,UPDATE_DATE_TIME,VERSION_NO) values (2,7,1,'S123457','0','12345',to_timestamp('10-03-15 00:00:00.000000000','RR-MM-DD HH24:MI:SS.FF'),'12345',to_timestamp('10-03-15 00:00:00.000000000','RR-MM-DD HH24:MI:SS.FF'),0);
Insert into M_FAN_CLUB_MEMBER (ID,MEMBER_ID,FAN_CLUB_ID,MEMBER_NUMBER,DELETE_FLAG,INSERT_USER_ID,INSERT_DATE_TIME,UPDATE_USER_ID,UPDATE_DATE_TIME,VERSION_NO) values (3,10,1,'S123459','0','12345',to_timestamp('10-03-15 00:00:00.000000000','RR-MM-DD HH24:MI:SS.FF'),'12345',to_timestamp('10-03-15 00:00:00.000000000','RR-MM-DD HH24:MI:SS.FF'),0);
Insert into M_FAN_CLUB_MEMBER (ID,MEMBER_ID,FAN_CLUB_ID,MEMBER_NUMBER,DELETE_FLAG,INSERT_USER_ID,INSERT_DATE_TIME,UPDATE_USER_ID,UPDATE_DATE_TIME,VERSION_NO) values (4,11,1,'S123455','0','12345',to_timestamp('10-03-15 00:00:00.000000000','RR-MM-DD HH24:MI:SS.FF'),'12345',to_timestamp('10-03-15 00:00:00.000000000','RR-MM-DD HH24:MI:SS.FF'),0);
Insert into M_FAN_CLUB_MEMBER (ID,MEMBER_ID,FAN_CLUB_ID,MEMBER_NUMBER,DELETE_FLAG,INSERT_USER_ID,INSERT_DATE_TIME,UPDATE_USER_ID,UPDATE_DATE_TIME,VERSION_NO) values (5,5,2,'P123456','0','12345',to_timestamp('10-03-15 00:00:00.000000000','RR-MM-DD HH24:MI:SS.FF'),'12345',to_timestamp('10-03-15 00:00:00.000000000','RR-MM-DD HH24:MI:SS.FF'),0);
Insert into M_FAN_CLUB_MEMBER (ID,MEMBER_ID,FAN_CLUB_ID,MEMBER_NUMBER,DELETE_FLAG,INSERT_USER_ID,INSERT_DATE_TIME,UPDATE_USER_ID,UPDATE_DATE_TIME,VERSION_NO) values (6,8,2,'P123457','0','12345',to_timestamp('10-03-15 00:00:00.000000000','RR-MM-DD HH24:MI:SS.FF'),'12345',to_timestamp('10-03-15 00:00:00.000000000','RR-MM-DD HH24:MI:SS.FF'),0);
Insert into M_FAN_CLUB_MEMBER (ID,MEMBER_ID,FAN_CLUB_ID,MEMBER_NUMBER,DELETE_FLAG,INSERT_USER_ID,INSERT_DATE_TIME,UPDATE_USER_ID,UPDATE_DATE_TIME,VERSION_NO) values (7,9,2,'P123458','0','12345',to_timestamp('10-03-15 00:00:00.000000000','RR-MM-DD HH24:MI:SS.FF'),'12345',to_timestamp('10-03-15 00:00:00.000000000','RR-MM-DD HH24:MI:SS.FF'),0);


